title,authors,year,bibcode,abstract,search_query
Solar influences on cosmic rays and cloud formation: A reassessment,"Sun, Bomin, Bradley, Raymond S.",2002,2002JGRD..107.4211S,"Svensmark and Friis-Christensen [1997] proposed a ``cosmic ray-cloud cover'' hypothesis that cosmic ray flux, modulated by solar activity, may modify global cloud cover and thus global surface temperature by increasing the number of ions in the atmosphere, leading to enhanced condensation of water vapor and cloud droplet formation. We evaluate this idea by extending their period of study and examining long-term surface-based cloud data (from national weather services and the Global Telecommunica",cosmic ray cloud cover correlation
Solar activity and terrestrial climate: an analysis of some purported correlations,"Laut, Peter",2003,2003JASTP..65..801L,"The last decade has seen a revival of various hypotheses claiming a strong correlation between solar activity and a number of terrestrial climate parameters: Links between cosmic rays and cloud cover, first total cloud cover and then only low clouds, and between solar cycle lengths and Northern Hemisphere land temperatures. These hypotheses play an important role in the scientific as well as in the public debate about the possibility or reality of a man-made global climate change. I have analyze",cosmic ray cloud cover correlation
Variation of cosmic ray flux and global cloud coverage-a missing link in solar-climate relationships,"Svensmark, Henrik, Friis-Christensen, Eigil",1997,1997JASTP..59.1225S,"In the search for a physical mechanism that could account for reported correlations between solar activity parameters and climate, we have investigated the global cloud cover observed by satellites. We find that the observed variation of 3-4% of the global cloud cover during the recent solar cycle is strongly correlated with the cosmic ray flux. This, in turn, is inversely correlated with the solar activity. The effect is larger at higher latitudes in agreement with the shielding effect of the E",cosmic ray cloud cover correlation
On the correlation between cosmic ray intensity and cloud cover,"Erlykin, A. D., Gyalai, G., Kudela, K.",2009,2009JASTP..71.1794E,"Various aspects of the connection between cloud cover (CC) and cosmic rays (CR) are analyzed. Most features of this connection viz. an altitude dependence of the absolute values of CC and CR intensity, no evidence for the correlation between the ionization of the atmosphere and cloudiness, the absence of correlations in short-term low cloud cover (LCC) and CR variations indicate that there is no direct causal connection between LCC and CR in spite of the evident long-term correlation between the",cosmic ray cloud cover correlation
Diffuse continuum gamma rays from the Galaxy observed by COMPTEL.,"Strong, A. W., Bennett, K., Bloemen, H.",1994,1994A&A...292...82S,"The diffuse Galactic continuum gamma-ray emission has been studied using the full Sky Survey from COMPTEL on the Compton Observatory CGRO. The diffuse emission appears to be visible in the whole 0.75-30MeV range covered by the instrument, although a considerable contribution from unresolved point sources cannot be excluded. A correlation analysis using HI and CO surveys of the Galaxy is used to derive the Galactic emissivity spectrum, and this is consistent with a smooth continuation to the spec",cosmic ray cloud cover correlation
A single source of cosmic rays in the range ? - ? eV,"Erlykin, A. D., Wolfendale, A. W.",1997,1997JPhG...23..979E,"The advent of new and improved extensive air shower (EAS) arrays - and the attendant generation of data of higher statistical precision than hitherto - has led us to return to an old problem: the origin of the change in spectral slope at an energy of 0954-3899/23/8/012/img3 eV. The data recorded are the so-called shower size spectra at ground level, i.e. the spectrum of the total number of cosmic rays inferred for each shower, and we use results from seven arrays which are situated at levels ran",Erlykin Wolfendale cosmic ray
The anisotropy of galactic cosmic rays as a product of stochastic supernova explosions,"Erlykin, A. D., Wolfendale, A. W.",2006,2006APh....25..183E,"We study the effect of the stochastic character of supernova explosions on the anisotropy of galactic cosmic rays below the knee. We conclude that if the bulk of cosmic rays are produced in supernova explosions the observed small and nearly energy independent amplitude of the anisotropy and its phase are to the large extent determined by the history of these explosions in the vicinity of the solar system, namely by the location and the age of the supernova remnants, within a few kpc, which give ",Erlykin Wolfendale cosmic ray
Structure in the cosmic ray spectrum: an update,"Erlykin, A. D., Wolfendale, A. W.",2001,2001JPhG...27.1005E,"An update is given of the evidence from extensive air showers relating to our claim that there is `structure' in the energy spectrum of high-energy cosmic rays. The structure is explained, in our model, in terms of there having been a recent nearby supernova, the remnant of which has accelerated cosmic ray nuclei, with rather sharp energy cut-offs at ~ 3×10<SUP>6</SUP> GeV for oxygen nuclei and ~ 1×10<SUP>7</SUP> GeV for iron nuclei. The addition of the later data on the shower size spectra whic",Erlykin Wolfendale cosmic ray
A new component of cosmic rays?,"Erlykin, A. D., Wolfendale, A. W.",2012,2012APh....35..449E,"Recent direct measurements of the energy spectra of the major mass components of cosmic rays have indicated the presence of a 'kink' in the region of 200 GeV per nucleon. The kink, which varies in magnitude from one element to another, is much sharper than predicted by our cosmic ray origin model in which supernova remnants are responsible for cosmic ray acceleration and it appears as though a new, steeper component is responsible.The component amounts to about 20 percent of the total at 30 GeV/",Erlykin Wolfendale cosmic ray
Cosmic rays and the Monogem supernova remnant,"Erlykin, A. D., Wolfendale, A. W.",2004,2004APh....22...47E,Recent findings indicate that the Monogem Ring and the associated pulsar PSR B0656 + 14 may be the `Single Source' responsible for the formation of the sharp knee in the cosmic ray energy spectrum at ∼3 PeV. The energy spectrum of cosmic rays expected for the Monogem Ring supernova remnant (SNR) from our SNR acceleration model [J. Phys. G: Nucl. Part. Phys. 27 (2001) 941] has been published by us elsewhere [J. Phys. G: Nucl. Part. Phys. 29 (2003) 709] . In this paper we go on to estimate the con,Erlykin Wolfendale cosmic ray
Increased ionization supports growth of aerosols into cloud condensation nuclei,"Svensmark, H., Enghoff, M. B., Shaviv, N. J.",2017,2017NatCo...8.2199S,"Ions produced by cosmic rays have been thought to influence aerosols and clouds. In this study, the effect of ionization on the growth of aerosols into cloud condensation nuclei is investigated theoretically and experimentally. We show that the mass-flux of small ions can constitute an important addition to the growth caused by condensation of neutral molecules. Under atmospheric conditions the growth from ions can constitute several percent of the neutral growth. We performed experimental studi",Svensmark cloud nucleation cosmic ray
Results from the CERN pilot CLOUD experiment,"Duplissy, J., Enghoff, M. B., Aplin, K. L.",2010,2010ACP....10.1635D,"During a 4-week run in October-November 2006, a pilot experiment was performed at the CERN Proton Synchrotron in preparation for the Cosmics Leaving OUtdoor Droplets (CLOUD) experiment, whose aim is to study the possible influence of cosmic rays on clouds. The purpose of the pilot experiment was firstly to carry out exploratory measurements of the effect of ionising particle radiation on aerosol formation from trace H<SUB>2</SUB>SO<SUB>4</SUB> vapour and secondly to provide technical input for t",Svensmark cloud nucleation cosmic ray
Response of Cloud Condensation Nuclei (&gt; 50 nm) to changes in ion-nucleation,"Pedersen, J. O., Enghoff, M. B., Svensmark, H.",2012,2012AGUFM.A53K0300P,The role of ionization in the formation of clouds and aerosols has been debated for many years. A body of evidence exists that correlates cloud properties to galactic cosmic ray ionization; however these results are still contested. In recent years experimental evidence has also been produced showing that ionization can promote the nucleation of small aerosols at atmospheric conditions. The experiments showed that an increase in ionization leads to an increase in the formation of ultrafine aeros,Svensmark cloud nucleation cosmic ray
Ion-Induced Nucleation Under Atmospheric Conditions,"Pedersen, J. O., Svensmark, H., Enghoff, M. B.",2007,2007AGUFMSA23A1135P,"Experimental studies of aerosol nucleation in air, containing trace amounts of ozone, sulphur dioxide, and water vapor at concentrations relevant for the Earths atmosphere are reported. The production of new aerosol particles is found to be proportional to the negative ion density. These results suggest that ions are important for nucleation processes in the atmosphere and cloud cover -- and may thus link cosmic rays to Earth's climate. The production of aerosols in the Earth's atmosphere is an ",Svensmark cloud nucleation cosmic ray
Model of optical response of marine aerosols to Forbush decreases,"Bondo, T., Enghoff, M. B., Svensmark, H.",2010,2010ACP....10.2765B,"In order to elucidate the effect of galactic cosmic rays on cloud formation, we investigate the optical response of marine aerosols to Forbush decreases - abrupt decreases in galactic cosmic rays - by means of modeling. We vary the nucleation rate of new aerosols, in a sectional coagulation and condensation model, according to changes in ionization by the Forbush decrease. From the resulting size distribution we then calculate the aerosol optical thickness and Angstrom exponent, for the waveleng",Svensmark cloud nucleation cosmic ray
Comments on ``Variation of cosmic ray flux and global cloud coverage - a missing link in solar-climate relationships'' by Henrik Svensmark and Eigil Friis-Christensen [Journal of Atmospheric and Solar-Terrestrial Physics 59 (1997) 1225-1232],"Jørgensen, T. S., Hansen, A. W.",2000,2000JASTP..62...73J,,Journal Atmospheric Solar-Terrestrial cosmic ray cloud
Space Weather Effects on Venus,"McGinness, Blair, Harrison, Giles, Aplin, Karen",2023,2023DPS....5550204M,"On Venus, the majority of ions produced in the atmosphere arise from cosmic ray collisions [1]. The maximum cosmic ray collision rate occurs within the optically thick cloud layer which shrouds Venus' surface [1]. We currently know very little about the processes which govern the cloud microphysics here. Since a large number of ions are generated in the cloud layer, it is sensible to assume that there may be important charge-based processes present. We would thus assume that any perturbations to",Journal Atmospheric Solar-Terrestrial cosmic ray cloud
How Old is the Milky Way ?,,2004,2004eso..pres...20.,VLT Observations of Beryllium in Two Old Stars Clock the Beginnings <P />Summary <P />Observations by an international team of astronomers [1] with the UVES spectrometer on ESO's Very Large Telescope at the Paranal Observatory (Chile) have thrown new light on the earliest epoch of the Milky Way galaxy. <P />The first-ever measurement of the Beryllium content in two stars in a globular cluster (NGC 6397) - pushing current astronomical technology towards the limit - has made it possible to study t,Journal Atmospheric Solar-Terrestrial cosmic ray cloud
